de10-024,0
de10-025,0
de10-026,0
de10-027,0
de10-028,0
de10-029,0
de10-030,0
de10-031,0
de10-032,0
de10-033,0
de10-034,0
de10-035,0
de10-036,0
de10-037,0
de10-038,0
de10-039,0
de10-040,0
de10-041,0
de10-154,0
de10-155,0
de10-156,0
de10-157,0
de10-158,0
de10-159,0
de10-160,0
de10-161,0
de10-162,0
de10-163,0
de10-164,0
de10-165,0
de10-166,0
de11-077,0
de11-078,0
de11-079,0
de11-080,0
de11-081,0
de11-082,0
de11-083,0
de11-084,0
de11-085,0
de11-086,0
de11-109,0
de11-110,0
de11-111,0
de11-112,0
de11-113,0
de11-114,0
de11-115,0
de11-116,0
de11-117,0
de11-118,0
de2-16,0
de2-17,0
de2-18,0
de2-19,0
de2-20,0
de2-21,0
de2-22,0
de2-23,0
de2-24,0
de2-25,0
de2-26,0
de2-27,0
de2-28,0
de2-29,0
de2-30,0
de2-31,0
de2-32,0
de2-33,0
de3-53,0
de3-54,0
de3-55,0
de6-08,0
de6-09,0
de6-10,0
de6-11,0
de6-12,0
de6-13,0
de6-14,0
de6-15,0
de6-16,0
de6-17,0
de6-75,0
de6-76,0
de6-77,0
de6-78,0
de6-79,0
de6-80,0
de6-81,0
de6-82,0
de6-83,0
de6-84,0
de6-88,0
de6-89,0
de7-001,0
de7-002,0
de7-003,0
de7-004,0
de7-005,0
de7-006,0
de7-007,0
de7-008,0
de7-028,0
de7-029,0
de7-030,0
de7-031,0
de7-032,0
de7-033,0
de7-034,0
de7-035,0
de7-036,0
de7-037,0
de7-066,0
de7-067,0
de7-068,0
de7-069,0
de7-070,0
de7-071,0
de7-072,0
de7-073,0
de7-074,0
de7-075,0
de8-108,0
de8-109,0
de8-110,0
de8-111,0
de8-112,0
de8-113,0
de8-114,0
de8-115,0
de8-116,0
de8-117,0
de9-002,0
de9-003,0
de9-004,0
de9-005,0
de9-006,0
de9-007,0
de9-008,0
de9-009,0
de9-010,0
de9-011,0
de9-012,0
de9-013,0
de9-014,0
de9-015,0
de9-016,0
de9-017,0
de9-018,0
de9-019,0
de9-020,0
de9-070,0
de9-071,0
de9-072,0
de9-073,0
de9-074,0
de9-075,0
de9-076,0
de9-077,0
de9-078,0
de9-079,0
deM25-01,0
deM25-02,0
deM25-03,0
deM25-04,0
deM25-05,0
deM25-06,0
deM25-07,0
deM25-08,0
deM25-09,0
deM25-10,0
deM25-12,0
deM25-13,0
deM25-14,0
deM25-15,0
deM25-16,0
deM25-17,0
deM25-18,0
deM25-19,0
deM25-20,0
deM25-21,0
deM25-22,0
deM25-23,0
deM25-24,0
deM25-25,0
deM25-26,0
deM25-27,0
deM25-28,0
deM25-29,0
deM25-30,0
deM25-31,0
deM25-32,0
deM25-33,0
deM25-34,0
deM25-35,0
deM25-36,0
deM25-37,0
deM25-38,0
deM25-39,0
deM25-40,0
deM25-41,0
deM25-42,0
deM43-01,0
deM43-02,0
deM43-03,0
deM43-04,0
deM43-05,0
deM43-06,0
deM43-07,0
deM43-08,0
deM43-09,0
deM43-10,0
deM43-11,0
deM43-12,0
deM43-13,0
deM43-14,0
deM43-15,0
deM43-16,0
deM43-17,0
deM43-18,0
deM43-19,0
deM43-20,0
deM43-21,0
deM43-22,0
deM43-23,0
deM43-24,0
deM43-25,0
deM43-26,0
deM43-27,0
deM43-28,0
deM43-29,0
deM43-30,0
deM43-31,0
deM43-32,0
deM43-33,0
deM43-34,0
deM43-35,0
deM43-36,0
deM43-37,0
deM43-38,0
deM43-39,0
deM43-40,0
deM43-41,0
deM43-42,0
deM43-43,0
deM43-44,0
deM43-45,0
deM43-46,0
deM43-47,0
deM43-48,0
deM43-49,0
deM43-50,0
deM43-51,0
deM43-52,0
deM43-53,0
deM43-54,0
deM43-55,0
deM43-56,0
deM43-57,0
deM43-58,0
deM43-59,0
deM43-60,0
deM43-61,0
deM43-62,0
de_M1-01,0
de_M1-02,0
de_M1-03,0
de_M1-04,0
de_M1-05,0
de_M1-06,0
de_M1-07,0
de_M1-08,0
de_M1-09,0
de_M1-10,0
de_M1-11,0
de_M1-12,0
de_M1-13,0
de_M1-14,0
de_M1-15,0
de_M1-16,0
due0001,0
due0002,0
due0003,0
due0004,0
due0005,0
due0006,0
due0007,0
due0008,0
due0009,0
due0010,0
due0011,0
due0012,0
due0013,0
due0014,0
due0015,0
due0016,0
due0017,0
due0018,0
due0019,0
due0020,0
due0021,0
due0022,0
due0023,0
due0024,0
due0025,0
due0026,0
due0027,0
due0028,0
due0029,0
due0030,0
due0031,0
due0032,0
due0033,0
due0034,0
due0035,0
due0036,0
due0037,0
due0038,0
due0039,0
due0040,0
due0041,0
due0042,0
due0043,0
due0044,0
due0045,0
due0046,0
due0047,0
due0048,0
due0049,0
due0050,0
due0051,0
due0052,0
due0053,0
due0054,0
due0055,0
due0056,0
due0057,0
due0058,0
due0059,0
due0060,0
due0061,0
due0062,0
due0063,0
due0064,0
due0065,0
due0066,0
due0067,0
due0068,0
due0069,0
due0070,0
due0071,0
due0072,0
due0073,0
due0074,0
due0075,0
due0076,0
due0077,0
due0078,0
due0079,0
due0080,0
due0081,0
due0082,0
due0083,0
due0084,0
due0085,0
due0086,0
due0087,0
due0088,0
due0089,0
due0090,0
due0091,0
due0092,0
due0093,0
due0094,0
due0095,0
due0096,0
due0097,0
due0098,0
due0099,0
due0100,0
due0101,0
due0102,0
due0103,0
due0104,0
due0105,0
due0106,0
due0107,0
due0108,0
due0109,0
due0110,0
due0111,0
due0112,0
due0113,0
due0114,0
due0115,0
due0116,0
due0117,0
due0118,0
due0119,0
due0120,0
due0121,0
due0122,0
due0123,0
due0124,0
due0125,0
due0126,0
due0127,0
due0128,0
due0129,0
due0130,0
due0131,0
due0132,0
due0133,0
due0134,0
due0135,0
due0136,0
due0137,0
due0138,0
due0139,0
due0140,0
due0141,0
due0142,0
due0143,0
due0144,0
due0145,0
due0146,0
due0147,0
due0148,0
due0149,0
due0150,0
due0151,0
due0152,0
due0153,0
due0154,0
due0155,0
due0156,0
due0157,0
due0158,0
due0159,0
due0160,0
due0161,0
due0162,0
due0163,0
due0164,0
due0165,0
due0166,0
due0167,0
due0168,0
due0169,0
due0170,0
due0181,0
due0182,0
due0183,0
due0184,0
due0185,0
due0186,0
due0187,0
due0188,0
due0189,0
due0190,0
due0191,0
due0192,0
due0193,0
due0194,0
due0195,0
due0196,0
due0197,0
due0198,0
due0199,0
due0200,0
due0201,0
due0202,0
due0203,0
due0204,0
due0205,0
due0206,0
due0207,0
due0208,0
due0209,0
due0210,0
due0211,0
due0212,0
due0213,0
due0214,0
due0215,0
due0216,0
due0217,0
due0218,0
due0219,0
due0220,0
due0221,0
due0222,0
due0223,0
due0224,0
due0225,0
due0226,0
due0227,0
due0228,0
due0229,0
due0230,0
due0231,0
due0232,0
due0233,0
due0234,0
due0235,0
due0236,0
due0237,0
due0238,0
due0239,0
due0240,0
due0241,0
due0242,0
due0243,0
due0244,0
due0245,0
due0246,0
due0247,0
due0248,0
due0249,0
due0250,0
due0251,0
due0252,0
due0253,0
due0254,0
due0255,0
due0256,0
due0257,0
due0258,0
due0259,0
due0260,0
due0261,0
due0262,0
due0263,0
due0264,0
due0265,0
due0266,0
due0267,0
due0268,0
due0269,0
due0270,0
due0271,0
due0272,0
due0273,0
due0274,0
due0275,0
due0276,0
due0277,0
due0278,0
due0279,0
due0280,0
due0281,0
due0282,0
due0283,0
due0284,0
due0285,0
due0286,0
due0287,0
due0288,0
due0289,0
due0290,0
due0291,0
due0292,0
due0293,0
due0294,0
due0295,0
due0296,0
due0297,0
due0298,0
due0299,0
due0300,0
due0301,0
due0302,0
due0303,0
due0304,0
due0305,0
due0306,0
due0307,0
due0308,0
due0309,0
due0310,0
due0311,0
due0312,0
due0313,0
due0314,0
due0315,0
due0316,0
due0317,0
due0318,0
due0319,0
due0320,0
due0321,0
due0322,0
due0323,0
due0324,0
due0325,0
due0326,0
due0327,0
due0328,0
due0329,0
due0330,0
due0331,0
due0332,0
due0333,0
due0334,0
due0335,0
due0336,0
due0337,0
due0338,0
due0339,0
due0340,0
due0341,0
due0342,0
due0343,0
due0344,0
due0345,0
due0346,0
due0347,0
due0348,0
due0349,0
due0350,0
due0351,0
due0352,0
due0353,0
due0354,0
due0355,0
due0356,0
due0357,0
due0358,0
due0359,0
due0360,0
due0361,0
due0362,0
due0363,0
due0364,0
due0365,0
due0366,0
due0367,0
due0368,0
due0369,0
due0370,0
due0371,0
due0372,0
due0373,0
due0374,0
due0375,0
due0376,0
due0377,0
due0378,0
due0379,0
due0380,0
due0381,0
due0382,0
due0383,0
due0384,0
due0385,0
due0386,0
due0387,0
due0388,0
due0389,0
due0390,0
due0391,0
due0392,0
due0393,0
due0394,0
due0395,0
due0396,0
due0397,0
due0398,0
due0399,0
due0400,0
due0401,0
due0402,0
due0403,0
due0404,0
due0405,0
due0406,0
due0407,0
due0408,0
due0409,0
due0410,0
due0411,0
due0412,0
due0413,0
due0414,0
due0415,0
due0416,0
due0417,0
due0418,0
due0419,0
due0420,0
due0421,0
due0422,0
due0423,0
due0424,0
due0425,0
due0426,0
due0427,0
due0428,0
due0429,0
due0430,0
due0431,0
due0432,0
due0433,0
due0434,0
due0435,0
due0436,0
due0437,0
due0438,0
due0439,0
due0440,0
DUE0441,0
DUE0442,0
DUE0443,0
DUE0444,0
DUE0445,0
DUE0446,0
DUE0447,0
DUE0448,0
DUE0449,0
DUE0450,0
due0451,0
due0452,0
due0453,0
due0454,0
due0455,0
due0456,0
due0457,0
due0458,0
due0459,0
due0460,0
due0461,0
due0462,0
due0463,0
due0464,0
due0465,0
due0466,0
due0467,0
due0468,0
due0469,0
due0470,0
due0471,0
due0472,0
due0473,0
due0474,0
due0475,0
due0476,0
due0477,0
due0478,0
due0479,0
due0480,0
due0481,0
due0482,0
due0483,0
due0484,0
due0485,0
due0486,0
due0487,0
due0488,0
due0489,0
due0490,0
due0491,0
due0492,0
due0493,0
due0494,0
due0495,0
due0496,0
due0497,0
due0498,0
due0499,0
due0500,0
due0501,0
due0502,0
due0503,0
due0504,0
due0505,0
due0506,0
due0507,0
due0508,0
due0509,0
due0510,0
due0511,0
due0512,0
due0513,0
due0514,0
due0515,0
due0516,0
due0517,0
due0518,0
due0519,0
due0520,0
due0521,0
due0522,0
due0523,0
due0524,0
due0525,0
due0526,0
due0527,0
due0528,0
due0529,0
due0530,0
due0531,0
due0532,0
due0533,0
due0534,0
due0535,0
due0536,0
due0537,0
due0538,0
due0539,0
due0540,0
due0541,0
due0542,0
due0543,0
due0544,0
due0545,0
due0546,0
due0547,0
due0548,0
due0549,0
due0550,0
due0551,0
due0552,0
due0553,0
due0554,0
due0555,0
due0556,0
due0557,0
due0558,0
due0559,0
due0560,0
due0561,0
due0562,0
due0563,0
due0564,0
due0565,0
due0566,0
due0567,0
due0568,0
due0569,0
due0570,0
due0571,0
due0572,0
due0573,0
due0574,0
due0575,0
due0576,0
due0577,0
due0578,0
due0579,0
due0580,0
due0581,0
due0582,0
due0583,0
due0584,0
due0585,0
due0586,0
due0587,0
due0588,0
due0589,0
due0590,0
due0591,0
due0592,0
due0593,0
due0594,0
due0595,0
due0596,0
due0597,0
due0598,0
due0599,0
due0600,0
due0601,0
due0602,0
due0603,0
due0604,0
due0605,0
due0606,0
due0607,0
due0608,0
due0609,0
due0610,0
due0611,0
due0612,0
due0613,0
due0614,0
due0615,0
due0616,0
due0617,0
due0618,0
due0619,0
due0620,0
due0621,0
due0622,0
due0623,0
due0624,0
due0625,0
due0626,0
due0627,0
due0628,0
due0629,0
due0630,0
due0631,0
due0632,0
due0633,0
due0634,0
due0635,0
due0636,0
due0637,0
due0638,0
due0639,0
due0640,0
due0641,0
due0642,0
due0643,0
due0644,0
due0645,0
due0646,0
due0647,0
due0648,0
due0649,0
due0650,0
due0651,0
due0652,0
due0653,0
due0654,0
due0655,0
due0656,0
due0657,0
due0658,0
due0659,0
due0660,0
due0661,0
due0662,0
due0663,0
due0664,0
due0665,0
due0666,0
due0667,0
due0668,0
due0669,0
due0670,0
due0671,0
due0672,0
due0673,0
due0674,0
due0675,0
due0676,0
due0677,0
due0678,0
due0679,0
due0680,0
due0681,0
due0682,0
due0683,0
due0684,0
due0685,0
due0686,0
due0687,0
due0688,0
due0689,0
due0690,0
due0691,0
due0692,0
due0693,0
due0694,0
due0695,0
due0696,0
due0697,0
due0698,0
due0699,0
due0700,0
due0701,0
due0702,0
due0703,0
due0704,0
due0705,0
due0706,0
due0707,0
due0708,0
due0709,0
due0710,0
due0711,0
due0712,0
due0713,0
due0714,0
due0715,0
due0716,0
due0717,0
due0718,0
due0719,0
due0720,0
due0721,0
due0722,0
due0723,0
due0724,0
due0725,0
due0726,0
due0727,0
due0728,0
due0729,0
due0730,0
dut0001,1
dut0002,1
dut0003,1
dut0004,1
dut0005,1
dut0006,1
dut0007,1
dut0008,1
dut0009,1
dut0010,1
dut0011,1
dut0012,1
dut0013,1
dut00131,1
dut00132,1
dut00133,1
dut00134,1
dut00135,1
dut00136,1
dut00137,1
dut00138,1
dut00139,1
dut0014,1
dut00140,1
dut00141,1
dut00142,1
dut00143,1
dut00144,1
dut00145,1
dut00146,1
dut00147,1
dut00148,1
dut00149,1
dut0015,1
dut00150,1
dut00151,1
dut00152,1
dut00153,1
dut00154,1
dut00155,1
dut00156,1
dut00157,1
dut00158,1
dut00159,1
dut0016,1
dut00160,1
dut00161,1
dut00162,1
dut00163,1
dut00164,1
dut00165,1
dut00166,1
dut00167,1
dut00168,1
dut00169,1
dut0017,1
dut00170,1
dut00171,1
dut00172,1
dut00173,1
dut00174,1
dut00175,1
dut00176,1
dut00177,1
dut00178,1
dut00179,1
dut0018,1
dut00180,1
dut00181,1
dut00182,1
dut00183,1
dut00184,1
dut00185,1
dut00186,1
dut00187,1
dut00188,1
dut00189,1
dut0019,1
dut00190,1
dut00191,1
dut00192,1
dut00193,1
dut00194,1
dut00195,1
dut00196,1
dut00197,1
dut00198,1
dut00199,1
dut0020,1
dut00200,1
dut00201,1
dut00202,1
dut00203,1
dut00204,1
dut00205,1
dut00206,1
dut00207,1
dut00208,1
dut00209,1
dut0021,1
dut00210,1
dut00211,1
dut00212,1
dut00213,1
dut00214,1
dut00215,1
dut00216,1
dut00217,1
dut00218,1
dut00219,1
dut0022,1
dut00220,1
dut00221,1
dut00222,1
dut00223,1
dut00224,1
dut00225,1
dut00226,1
dut00227,1
dut00228,1
dut00229,1
dut0023,1
dut00230,1
dut00231,1
dut00232,1
dut00233,1
dut00234,1
dut00235,1
dut00236,1
dut00237,1
dut00238,1
dut00239,1
dut0024,1
dut00240,1
dut00241,1
dut00242,1
dut00243,1
dut00244,1
dut00245,1
dut00246,1
dut00247,1
dut00248,1
dut00249,1
dut0025,1
dut00250,1
dut00251,1
dut00252,1
dut00253,1
dut00254,1
dut00255,1
dut00256,1
dut00257,1
dut00258,1
dut00259,1
dut0026,1
dut00260,1
dut00261,1
dut00262,1
dut00263,1
dut00264,1
dut00265,1
dut00266,1
dut00267,1
dut00268,1
dut00269,1
dut0027,1
dut00270,1
dut00271,1
dut00272,1
dut00273,1
dut00274,1
dut00275,1
dut00276,1
dut00277,1
dut00278,1
dut00279,1
dut0028,1
dut00280,1
dut00281,1
dut00282,1
dut00283,1
dut00284,1
dut00285,1
dut00287,1
dut00288,1
dut00289,1
dut0029,1
dut00290,1
dut00291,1
dut00292,1
dut00293,1
dut00294,1
dut00295,1
dut00296,1
dut00297,1
dut00298,1
dut00299,1
dut0030,1
dut00300,1
dut00301,1
dut00302,1
dut00303,1
dut00304,1
dut00305,1
dut00306,1
dut00307,1
dut00308,1
dut00309,1
dut0031,1
dut00310,1
dut00311,1
dut00312,1
dut00313,1
dut00314,1
dut00315,1
dut00316,1
dut00317,1
dut00318,1
dut00319,1
dut0032,1
dut00320,1
dut00321,1
dut00322,1
dut00323,1
dut00324,1
dut00325,1
dut00326,1
dut00327,1
dut00328,1
dut00329,1
dut0033,1
dut00330,1
dut00331,1
dut00332,1
dut00333,1
dut00334,1
dut00335,1
dut00336,1
dut00337,1
dut00338,1
dut00339,1
dut0034,1
dut00340,1
dut00341,1
dut00342,1
dut00343,1
dut00344,1
dut00345,1
dut00346,1
dut00347,1
dut00348,1
dut00349,1
dut0035,1
dut00350,1
dut00351,1
dut00352,1
dut00353,1
dut00354,1
dut00355,1
dut00356,1
dut00357,1
dut00358,1
dut00359,1
dut0036,1
dut00360,1
dut00361,1
dut00362,1
dut00363,1
dut00364,1
dut00365,1
dut00366,1
dut00367,1
dut00368,1
dut00369,1
dut0037,1
dut00370,1
dut00371,1
dut00372,1
dut00373,1
dut00374,1
dut00375,1
dut00376,1
dut00377,1
dut00378,1
dut00379,1
dut0038,1
dut00380,1
dut00381,1
dut00382,1
dut00383,1
dut00384,1
dut00385,1
dut00386,1
dut00387,1
dut00388,1
dut00389,1
dut0039,1
dut00390,1
dut00391,1
dut00392,1
dut00393,1
dut00394,1
dut00395,1
dut00396,1
dut00397,1
dut00398,1
dut00399,1
dut0040,1
dut00400,1
dut00401,1
dut00402,1
dut00403,1
dut00404,1
dut00405,1
dut00406,1
dut00407,1
dut00408,1
dut00409,1
dut0041,1
dut00410,1
dut00411,1
dut00412,1
dut00413,1
dut00414,1
dut00415,1
dut00416,1
dut00417,1
dut00418,1
dut00419,1
dut0042,1
dut00420,1
dut00421,1
dut00422,1
dut00423,1
dut00424,1
dut00425,1
dut00426,1
dut00427,1
dut00428,1
dut00429,1
dut0043,1
dut00430,1
dut00431,1
dut00432,1
dut00433,1
dut00434,1
dut00435,1
dut00436,1
dut00437,1
dut00438,1
dut00439,1
dut0044,1
dut00440,1
dut00441,1
dut00442,1
dut00443,1
dut00444,1
dut00445,1
dut00446,1
dut00447,1
dut00448,1
dut00449,1
dut0045,1
dut00450,1
dut00451,1
dut00452,1
dut00453,1
dut00454,1
dut00455,1
dut00456,1
dut00457,1
dut00458,1
dut00459,1
dut0046,1
dut00460,1
dut00461,1
dut00462,1
dut00463,1
dut00464,1
dut00465,1
dut00466,1
dut00467,1
dut00468,1
dut00469,1
dut0047,1
dut00470,1
dut00471,1
dut00472,1
dut00473,1
dut00474,1
dut00475,1
dut00476,1
dut00477,1
dut00478,1
dut00479,1
dut0048,1
dut00480,1
dut00481,1
dut00482,1
dut00483,1
dut00484,1
dut00485,1
dut00486,1
dut00487,1
dut00488,1
dut00489,1
dut0049,1
dut00490,1
dut00491,1
dut00492,1
dut00493,1
dut00494,1
dut00495,1
dut00496,1
dut00497,1
dut00498,1
dut00499,1
dut0050,1
dut00500,1
dut00501,1
dut00502,1
dut00503,1
dut00504,1
dut00505,1
dut00506,1
dut00507,1
dut00508,1
dut00509,1
dut0051,1
dut00510,1
dut00511,1
dut00512,1
dut00513,1
dut00514,1
dut00515,1
dut00516,1
dut00517,1
dut00518,1
dut00519,1
dut0052,1
dut00520,1
dut00521,1
dut00522,1
dut00523,1
dut00524,1
dut00525,1
dut00526,1
dut00527,1
dut00528,1
dut00529,1
dut0053,1
dut00530,1
dut00531,1
dut00532,1
dut00533,1
dut00534,1
dut00535,1
dut00536,1
dut00537,1
dut00538,1
dut00539,1
dut0054,1
dut00540,1
dut00541,1
dut00542,1
dut00543,1
dut00544,1
dut00545,1
dut00546,1
dut00547,1
dut00548,1
dut00549,1
dut0055,1
dut00550,1
dut00551,1
dut00552,1
dut00553,1
dut00554,1
dut00555,1
dut00556,1
dut00557,1
dut00558,1
dut00559,1
dut0056,1
dut00560,1
dut00561,1
dut00562,1
dut00563,1
dut00564,1
dut00565,1
dut00566,1
dut00567,1
dut00568,1
dut00569,1
dut0057,1
dut00570,1
dut00571,1
dut00572,1
dut00573,1
dut00574,1
dut00575,1
dut00576,1
dut00577,1
dut00578,1
dut00579,1
dut0058,1
dut00580,1
dut00581,1
dut00582,1
dut00583,1
dut00584,1
dut00585,1
dut00586,1
dut00587,1
dut00588,1
dut00589,1
dut0059,1
dut00590,1
dut00591,1
dut00592,1
dut00593,1
dut00594,1
dut00595,1
dut00596,1
dut00597,1
dut00598,1
dut00599,1
dut0060,1
dut00600,1
dut00601,1
dut00602,1
dut00603,1
dut00604,1
dut00605,1
dut00606,1
dut00607,1
dut00608,1
dut00609,1
dut0061,1
dut00610,1
dut00611,1
dut00612,1
dut00613,1
dut00614,1
dut00615,1
dut00616,1
dut00617,1
dut00618,1
dut00619,1
dut0062,1
dut00620,1
dut00621,1
dut00622,1
dut00623,1
dut00624,1
dut00625,1
dut00626,1
dut00627,1
dut00628,1
dut00629,1
dut0063,1
dut00630,1
dut00631,1
dut00632,1
dut00633,1
dut00634,1
dut00635,1
dut00636,1
dut00637,1
dut00638,1
dut00639,1
dut0064,1
dut00640,1
dut00641,1
dut00642,1
dut00643,1
dut00644,1
dut00645,1
dut00646,1
dut00647,1
dut00648,1
dut00649,1
dut0065,1
dut00650,1
dut00651,1
dut00652,1
dut00653,1
dut00654,1
dut00655,1
dut00656,1
dut00657,1
dut00658,1
dut00659,1
dut0066,1
dut00660,1
dut00661,1
dut00662,1
dut00663,1
dut00664,1
dut00665,1
dut00666,1
dut00667,1
dut00668,1
dut00669,1
dut0067,1
dut00670,1
dut0068,1
dut00681,1
dut00682,1
dut00683,1
dut00684,1
dut00685,1
dut00686,1
dut00687,1
dut00688,1
dut00689,1
dut0069,1
dut00690,1
dut00691,1
dut00692,1
dut00693,1
dut00694,1
dut00695,1
dut00696,1
dut00697,1
dut00698,1
dut00699,1
dut0070,1
dut00700,1
dut00701,1
dut00702,1
dut00703,1
dut00704,1
dut00705,1
dut00706,1
dut00707,1
dut00708,1
dut00709,1
dut0071,1
dut00710,1
dut00711,1
dut00712,1
dut00713,1
dut00714,1
dut00715,1
dut00716,1
dut00717,1
dut00718,1
dut00719,1
dut0072,1
dut00720,1
dut00721,1
dut00722,1
dut00723,1
dut00724,1
dut00725,1
dut00726,1
dut00727,1
dut00728,1
dut00729,1
dut0073,1
dut00730,1
dut00731,1
dut00732,1
dut00733,1
dut00734,1
dut00735,1
dut00736,1
dut00737,1
dut00738,1
dut00739,1
dut0074,1
dut00740,1
dut00741,1
dut00742,1
dut00743,1
dut00744,1
dut00745,1
dut00746,1
dut00747,1
dut00748,1
dut00749,1
dut0075,1
dut00750,1
dut00751,1
dut00752,1
dut00753,1
dut00754,1
dut00756,1
dut00757,1
dut00758,1
dut00759,1
dut0076,1
dut00760,1
dut00761,1
dut00762,1
dut00763,1
dut00764,1
dut00765,1
dut00766,1
dut00767,1
dut00768,1
dut00769,1
dut0077,1
dut0078,1
dut00780,1
dut00781,1
dut00782,1
dut00783,1
dut00784,1
dut00785,1
dut00786,1
dut00787,1
dut00788,1
dut00789,1
dut0079,1
dut00790,1
dut00791,1
dut00792,1
dut00793,1
dut00794,1
dut00795,1
dut00796,1
dut00797,1
dut00798,1
dut00799,1
dut0080,1
dut00800,1
dut00801,1
dut00802,1
dut00803,1
dut00804,1
dut00805,1
dut00806,1
dut00807,1
dut00808,1
dut00809,1
dut0081,1
dut00810,1
dut00811,1
dut00812,1
dut00813,1
dut00814,1
dut00815,1
dut00816,1
dut00817,1
dut00818,1
dut00819,1
dut0082,1
dut00820,1
dut00821,1
dut00822,1
dut00823,1
dut00824,1
dut00825,1
dut00826,1
dut00827,1
dut00828,1
dut00829,1
dut0083,1
dut00830,1
dut00831,1
dut00832,1
dut00833,1
dut00834,1
dut00835,1
dut00836,1
dut00837,1
dut00838,1
dut00839,1
dut0084,1
dut00840,1
dut00841,1
dut00842,1
dut00843,1
dut00844,1
dut00845,1
dut00846,1
dut00847,1
dut00848,1
dut00849,1
dut0085,1
dut00850,1
dut00851,1
dut00852,1
dut00853,1
dut00854,1
dut00855,1
dut00856,1
dut00857,1
dut00858,1
dut00859,1
dut0086,1
dut00860,1
dut00861,1
dut00862,1
dut00863,1
dut00864,1
dut00865,1
dut00866,1
dut00867,1
dut00868,1
dut00869,1
dut0087,1
dut00870,1
dut00871,1
dut00872,1
dut00873,1
dut00874,1
dut00875,1
dut00876,1
dut00877,1
dut00878,1
dut00879,1
dut0088,1
dut0089,1
dut00890,1
dut00891,1
dut00892,1
dut00893,1
dut00894,1
dut00895,1
dut00896,1
dut00897,1
dut00898,1
dut00899,1
dut0090,1
dut00900,1
dut00901,1
dut00902,1
dut00903,1
dut00904,1
dut00905,1
dut00906,1
dut00907,1
dut00908,1
dut00909,1
dut0091,1
dut00910,1
dut00911,1
dut00912,1
dut00913,1
dut00914,1
dut00915,1
dut00916,1
dut00917,1
dut00918,1
dut00919,1
dut0092,1
dut00920,1
dut00921,1
dut00922,1
dut00923,1
dut00924,1
dut00925,1
dut00926,1
dut00927,1
dut00928,1
dut00929,1
dut0093,1
dut00930,1
dut00931,1
dut00932,1
dut00933,1
dut00934,1
dut00935,1
dut00936,1
dut00937,1
dut00938,1
dut00939,1
dut0094,1
dut00940,1
dut00941,1
dut00942,1
dut00943,1
dut00944,1
dut00945,1
dut00946,1
dut00947,1
dut00948,1
dut00949,1
dut0095,1
dut00950,1
dut00951,1
dut00952,1
dut00953,1
dut00954,1
dut00955,1
dut00956,1
dut00957,1
dut00958,1
dut00959,1
dut0096,1
dut00960,1
dut00961,1
dut00962,1
dut00963,1
dut00964,1
dut00965,1
dut00966,1
dut00968,1
dut00969,1
dut0097,1
dut00970,1
dut00971,1
dut00972,1
dut00973,1
dut00974,1
dut00975,1
dut00976,1
dut00977,1
dut00978,1
dut00979,1
dut0098,1
dut00980,1
dut00981,1
dut00982,1
dut00983,1
dut00984,1
dut00985,1
dut00986,1
dut00987,1
dut00988,1
dut00989,1
dut0099,1
dut00990,1
dut00991,1
dut00992,1
dut00993,1
dut00994,1
dut00995,1
dut00996,1
dut00997,1
dut00998,1
dut00999,1
dut0100,1
dut01000,1
dut0101,1
dut0102,1
dut0103,1
dut0104,1
dut0105,1
dut0106,1
dut0107,1
dut0108,1
dut0109,1
dut0110,1
dut0111,1
dut0112,1
dut0113,1
dut0114,1
dut0115,1
dut0116,1
dut0117,1
dut0118,1
dut0119,1
dut0120,1
dut0121,1
dut0122,1
dut0123,1
dut0124,1
dut0125,1
dut0126,1
dut0127,1
dut0128,1
dut0129,1
dut0130,1
a0008,2
a0009,2
a0010,2
a0011,2
a0012,2
a0013,2
a0014,2
a0015,2
a0016,2
a0017,2
a0018,2
a0019,2
a0020,2
a0021,2
a0025,2
a0026,2
a0027,2
a0028,2
a0029,2
a0030,2
a0031,2
a0032,2
a0033,2
a0034,2
a0037,2
a0038,2
a0039,2
a0040,2
a0041,2
a0042,2
a0043,2
a0044,2
a0045,2
a0046,2
a0047,2
a0048,2
a0049,2
a0050,2
a0051,2
a0052,2
a0053,2
a0054,2
a0055,2
a0056,2
a0057,2
a0058,2
a0059,2
a0060,2
a0061,2
a0062,2
a0063,2
a0064,2
a0065,2
a0066,2
a0067,2
a0068,2
a0069,2
a0070,2
a0071,2
a0072,2
a0073,2
a0074,2
a0075,2
a0076,2
a0077,2
a0116,2
a0117,2
a0118,2
a0119,2
a0120,2
a0121,2
a0122,2
a0123,2
a0124,2
a0125,2
a0126,2
a0127,2
a0128,2
a0129,2
a0130,2
a0131,2
a0132,2
a0133,2
a0134,2
a0135,2
a0151,2
a0152,2
a0153,2
a0154,2
a0155,2
a0156,2
a0157,2
a0158,2
a0159,2
a0160,2
a0161,2
a0162,2
a0163,2
a0164,2
a0165,2
a0166,2
a0167,2
a0168,2
a0169,2
a0170,2
a0171,2
a0172,2
a0173,2
a0174,2
a0175,2
a0176,2
a0177,2
a0178,2
a0179,2
a0180,2
a0181,2
a0182,2
a0183,2
a0184,2
a0185,2
a0186,2
a0187,2
a0188,2
a0189,2
a0190,2
a0191,2
a0192,2
a0193,2
a0194,2
a0195,2
a0196,2
a0197,2
a0198,2
a0227,2
a0228,2
a0229,2
a0230,2
a0231,2
a0232,2
a0233,2
a0234,2
a0235,2
a0236,2
a0237,2
a0238,2
a0239,2
a0240,2
a0241,2
a0242,2
a0264,2
a0265,2
a0266,2
a0267,2
a0268,2
a0269,2
a0270,2
a0271,2
a0272,2
a0273,2
a0282,2
a0283,2
a0284,2
a0285,2
a0286,2
a0287,2
a0288,2
a0289,2
a0290,2
a0291,2
a0292,2
a0293,2
a0294,2
a0295,2
a0296,2
a0297,2
a0298,2
a0299,2
a0300,2
a0301,2
a0302,2
a0331,2
a0332,2
a0333,2
a0334,2
a0335,2
a0336,2
a0337,2
a0338,2
a0339,2
a0340,2
a0398,2
a0399,2
a0400,2
a0401,2
a0402,2
a0403,2
a0404,2
a0405,2
a0406,2
a0407,2
a0408,2
a0409,2
a0410,2
a0411,2
a0412,2
a0413,2
a0414,2
a0428,2
a0429,2
a0430,2
a0431,2
a0432,2
a0433,2
a0434,2
a0435,2
a0436,2
a0437,2
a0441,2
a0442,2
a0443,2
a0444,2
a0445,2
a0446,2
a0447,2
a0448,2
a0449,2
a0450,2
a0451,2
a0452,2
a0453,2
a0454,2
a0455,2
a0456,2
a0457,2
a0458,2
a0459,2
a0460,2
a0464,2
a0465,2
a0466,2
a0467,2
a0468,2
a0469,2
a0470,2
a0471,2
a0472,2
a0473,2
a0474,2
a0475,2
a0476,2
a0477,2
a0478,2
a0479,2
a0480,2
a0481,2
a0482,2
a0517,2
a0518,2
a0519,2
a0520,2
a0521,2
a0522,2
a0523,2
a0524,2
a0525,2
a0526,2
a0532,2
a0533,2
a0534,2
a0535,2
a0536,2
a0537,2
a0538,2
a0539,2
a0540,2
a0541,2
a0566,2
a0567,2
a0568,2
a0569,2
a0570,2
a0571,2
a0572,2
a0573,2
a0574,2
a0575,2
a0576,2
a0577,2
a0578,2
a0579,2
a0580,2
a0581,2
a0582,2
a0583,2
a0584,2
a0585,2
ar-01,2
ar-02,2
ar-03,2
ar-04,2
ar-05,2
ar-06,2
ar-07,2
ar-10,2
ar-11,2
ar-12,2
ar-13,2
ar-14,2
ar-15,2
ar-16,2
ar-17,2
ar-18,2
ar-19,2
ar-20,2
ar-21,2
ar-22,2
ar-23,2
ar-24,2
b0019,2
b0020,2
b0021,2
b0022,2
b0023,2
b0024,2
b0025,2
b0026,2
b0027,2
b0028,2
b0037,2
b0038,2
b0039,2
b0040,2
b0041,2
b0042,2
b0043,2
b0044,2
b0045,2
b0046,2
b0050,2
b0051,2
b0052,2
b0053,2
b0054,2
b0055,2
b0056,2
b0057,2
b0058,2
b0059,2
b0069,2
b0070,2
b0071,2
b0072,2
b0073,2
b0074,2
b0075,2
b0076,2
b0077,2
b0078,2
b0086,2
b0087,2
b0088,2
b0089,2
b0090,2
b0091,2
b0092,2
b0093,2
b0094,2
b0095,2
b0096,2
b0097,2
b0098,2
b0131,2
b0132,2
b0133,2
b0134,2
b0135,2
b0136,2
b0137,2
b0138,2
b0139,2
b0140,2
b0141,2
b0142,2
b0143,2
b0144,2
b0145,2
b0211,2
b0212,2
b0213,2
b0214,2
b0215,2
b0216,2
b0217,2
b0218,2
b0219,2
b0220,2
b0221,2
b0222,2
b0223,2
b0224,2
b0225,2
b0226,2
b0244,2
b0245,2
b0246,2
b0247,2
b0248,2
b0249,2
b0250,2
b0251,2
b0252,2
b0253,2
b0254,2
b0292,2
b0293,2
b0294,2
b0295,2
b0296,2
b0297,2
b0298,2
b0299,2
b0300,2
b0301,2
b0302,2
b0303,2
b0304,2
b0305,2
b0306,2
b0307,2
b0312,2
b0313,2
b0314,2
b0315,2
b0316,2
b0317,2
b0318,2
b0319,2
b0320,2
b0321,2
b0346,2
b0347,2
b0348,2
b0349,2
b0350,2
b0351,2
b0352,2
b0353,2
b0354,2
b0355,2
b0356,2
b0357,2
b0358,2
b0359,2
b0366,2
b0367,2
b0368,2
b0369,2
b0370,2
b0371,2
b0372,2
b0373,2
b0374,2
b0375,2
b0402,2
b0403,2
b0404,2
b0405,2
b0406,2
b0407,2
b0408,2
b0409,2
b0410,2
b0411,2
b0412,2
b0413,2
b0414,2
b0415,2
b0416,2
b0417,2
b0418,2
b0419,2
b0420,2
b0421,2
b0422,2
b0423,2
b0424,2
b0425,2
b0426,2
b0435,2
b0436,2
b0437,2
b0438,2
b0439,2
b0440,2
b0441,2
b0442,2
b0443,2
b0444,2
b0457,2
b0458,2
b0459,2
b0460,2
b0461,2
b0462,2
b0463,2
b0464,2
b0465,2
b0466,2
b0496,2
b0497,2
b0498,2
b0499,2
b0500,2
b0501,2
b0502,2
b0503,2
b0504,2
b0505,2
b0529,2
b0530,2
b0531,2
b0532,2
b0533,2
b0534,2
b0535,2
b0536,2
b0537,2
b0538,2
b0539,2
en-0532,2
en-0533,2
en-0534,2
en-0535,2
en-0536,2
en-0537,2
en-0538,2
en-0539,2
en-0540,2
en-0541,2
en-0647,2
en-0648,2
en-0649,2
en-0650,2
en-0651,2
en-0652,2
en-0653,2
en-0654,2
en-0655,2
en-0656,2
en-0726,2
en-0727,2
en-0728,2
en-0729,2
en-0730,2
en-0731,2
en-0732,2
en-0733,2
en-0734,2
en-0735,2
en0001,2
en0002,2
en0003,2
en0004,2
en0005,2
en0006,2
en0007,2
en0008,2
en0009,2
en0010,2
en0011,2
en0012,2
en0013,2
en0014,2
en0015,2
en0016,2
en0017,2
en0018,2
en0019,2
en0020,2
en0021,2
en0022,2
en0023,2
en0024,2
en0025,2
en0026,2
en0027,2
en0028,2
en0029,2
en0030,2
en0031,2
en0032,2
en0033,2
en0034,2
en0035,2
en0036,2
en0037,2
en0038,2
en0039,2
en0040,2
en0041,2
en0042,2
en0043,2
en0044,2
en0045,2
en0046,2
en0047,2
en0048,2
en0049,2
en0050,2
en0051,2
en0052,2
en0053,2
en0054,2
en0055,2
en0056,2
en0057,2
en0058,2
en0059,2
en0060,2
en0061,2
en0062,2
en0063,2
en0064,2
en0065,2
en0066,2
en0067,2
en0068,2
en0069,2
en0070,2
EN0071,2
EN0072,2
EN0073,2
EN0074,2
EN0075,2
EN0076,2
EN0077,2
EN0078,2
EN0079,2
EN0080,2
en0081,2
en0082,2
en0083,2
en0084,2
en0085,2
en0086,2
en0087,2
en0088,2
en0089,2
en0090,2
EN0091,2
EN0092,2
EN0093,2
EN0094,2
EN0095,2
EN0096,2
EN0097,2
EN0098,2
EN0099,2
EN0100,2
en0101,2
en0102,2
en0103,2
en0104,2
en0105,2
en0106,2
en0107,2
en0108,2
en0109,2
en0110,2
en0111,2
en0112,2
en0113,2
en0114,2
en0115,2
en0116,2
en0117,2
en0118,2
en0119,2
en0120,2
en0121,2
en0122,2
en0123,2
en0124,2
en0125,2
en0126,2
en0127,2
en0128,2
en0129,2
en0130,2
en0131,2
en0132,2
en0133,2
en0134,2
en0135,2
en0136,2
en0137,2
en0138,2
en0139,2
en0140,2
en0141,2
en0142,2
en0143,2
en0144,2
en0145,2
en0146,2
en0147,2
en0148,2
en0149,2
en0150,2
en0151,2
en0154,2
en0156,2
en0157,2
en0159,2
en0160,2
en0171,2
en0172,2
en0173,2
en0174,2
en0175,2
en0176,2
en0177,2
en0178,2
en0179,2
en0180,2
en0191,2
en0192,2
en0193,2
en0194,2
en0195,2
en0196,2
en0197,2
en0198,2
en0199,2
en0200,2
en0201,2
en0202,2
en0203,2
en0204,2
en0205,2
en0206,2
en0207,2
en0208,2
en0209,2
en0210,2
rb-01,2
rb-02,2
rb-03,2
rb-04,2
rb-05,2
rb-06,2
rb-07,2
rb-08,2
rb-09,2
rb-10,2
rb-11,2
rb-12,2
rb-13,2
rb-20,2
rb-21,2
rb-22,2
rb-23,2
rb-24,2
rb-25,2
rb-26,2
rb-27,2
rb-28,2
rb-29,2
rp-01,2
rp-02,2
rp-03,2
rp-04,2
rp-05,2
rp-06,2
rp-07,2
rp-29,2
rp-30,2
rp-31,2
sample1,2
sample10,2
sample11,2
sample12,2
sample13,2
sample14,2
sample15,2
sample16,2
sample17,2
sample18,2
sample19,2
sample2,2
sample20,2
sample21,2
sample22,2
sample23,2
sample24,2
sample25,2
sample26,2
sample27,2
sample28,2
sample29,2
sample3,2
sample30,2
sample31,2
sample4,2
sample5,2
sample6,2
sample7,2
sample8,2
sample9,2
7,3
8,3
9,3
fr-sb-1,3
fr-sb-10 (2),3
fr-sb-10,3
fr-sb-103,3
fr-sb-104,3
fr-sb-105,3
fr-sb-106,3
fr-sb-107,3
fr-sb-108,3
fr-sb-109,3
fr-sb-11,3
fr-sb-110,3
fr-sb-111,3
fr-sb-112,3
fr-sb-113,3
fr-sb-114,3
fr-sb-115,3
fr-sb-116,3
fr-sb-12,3
fr-sb-123,3
fr-sb-124,3
fr-sb-125,3
fr-sb-126,3
fr-sb-127,3
fr-sb-128,3
fr-sb-129,3
fr-sb-13,3
fr-sb-130,3
fr-sb-131,3
fr-sb-132,3
fr-sb-133,3
fr-sb-134,3
fr-sb-135,3
fr-sb-14,3
fr-sb-143,3
fr-sb-144,3
fr-sb-145,3
fr-sb-146,3
fr-sb-147,3
fr-sb-148,3
fr-sb-149,3
fr-sb-15,3
fr-sb-150,3
fr-sb-151,3
fr-sb-152,3
fr-sb-155,3
fr-sb-156,3
fr-sb-157,3
fr-sb-158,3
fr-sb-159,3
fr-sb-16,3
fr-sb-160,3
fr-sb-161,3
fr-sb-162,3
fr-sb-163,3
fr-sb-164 (2),3
fr-sb-164,3
fr-sb-165 (2),3
fr-sb-165,3
fr-sb-166 (2),3
fr-sb-166,3
fr-sb-167 (2),3
fr-sb-167,3
fr-sb-168 (2),3
fr-sb-168,3
fr-sb-169 (2),3
fr-sb-169,3
fr-sb-17,3
fr-sb-170 (2),3
fr-sb-170,3
fr-sb-171 (2),3
fr-sb-171,3
fr-sb-172 (2),3
fr-sb-172,3
fr-sb-173 (2),3
fr-sb-173,3
fr-sb-174,3
fr-sb-175,3
fr-sb-176,3
fr-sb-177,3
fr-sb-178,3
fr-sb-179,3
fr-sb-18,3
fr-sb-180,3
fr-sb-181,3
fr-sb-186,3
fr-sb-187,3
fr-sb-188,3
fr-sb-189,3
fr-sb-19,3
fr-sb-190,3
fr-sb-191,3
fr-sb-192,3
fr-sb-193,3
fr-sb-194,3
fr-sb-195,3
fr-sb-196,3
fr-sb-197,3
fr-sb-198,3
fr-sb-199,3
fr-sb-2,3
fr-sb-20,3
fr-sb-200,3
fr-sb-201,3
fr-sb-202,3
fr-sb-203,3
fr-sb-204,3
fr-sb-205,3
fr-sb-206,3
fr-sb-207,3
fr-sb-208,3
fr-sb-21,3
fr-sb-212,3
fr-sb-213,3
fr-sb-214,3
fr-sb-215,3
fr-sb-216,3
fr-sb-217,3
fr-sb-218,3
fr-sb-219,3
fr-sb-22,3
fr-sb-220,3
fr-sb-221,3
fr-sb-222,3
fr-sb-223,3
fr-sb-224,3
fr-sb-225,3
fr-sb-226,3
fr-sb-227,3
fr-sb-228,3
fr-sb-229,3
fr-sb-23,3
fr-sb-24,3
fr-sb-242,3
fr-sb-243,3
fr-sb-244,3
fr-sb-245,3
fr-sb-246,3
fr-sb-247,3
fr-sb-248,3
fr-sb-249,3
fr-sb-25,3
fr-sb-250,3
fr-sb-251,3
fr-sb-26,3
fr-sb-260,3
fr-sb-261,3
fr-sb-262,3
fr-sb-263,3
fr-sb-264,3
fr-sb-265,3
fr-sb-266,3
fr-sb-267,3
fr-sb-268,3
fr-sb-269,3
fr-sb-27,3
fr-sb-270,3
fr-sb-271,3
fr-sb-272,3
fr-sb-273,3
fr-sb-274,3
fr-sb-275,3
fr-sb-276,3
fr-sb-277,3
fr-sb-278,3
fr-sb-279,3
fr-sb-28,3
fr-sb-29,3
fr-sb-291,3
fr-sb-292,3
fr-sb-293,3
fr-sb-294,3
fr-sb-295,3
fr-sb-296,3
fr-sb-297,3
fr-sb-298,3
fr-sb-299,3
fr-sb-3,3
fr-sb-30,3
fr-sb-300,3
fr-sb-301,3
fr-sb-302,3
fr-sb-303,3
fr-sb-304,3
fr-sb-305,3
fr-sb-306,3
fr-sb-31,3
fr-sb-322,3
fr-sb-323,3
fr-sb-324,3
fr-sb-325,3
fr-sb-326,3
fr-sb-327,3
fr-sb-328,3
fr-sb-329,3
fr-sb-330,3
fr-sb-331,3
fr-sb-34,3
fr-sb-349,3
fr-sb-35,3
fr-sb-350,3
fr-sb-351 (2),3
fr-sb-351,3
fr-sb-352 (2),3
fr-sb-352,3
fr-sb-353 (2),3
fr-sb-353,3
fr-sb-354 (2),3
fr-sb-354,3
fr-sb-355 (2),3
fr-sb-355,3
fr-sb-356 (2),3
fr-sb-356,3
fr-sb-357 (2),3
fr-sb-357,3
fr-sb-358 (2),3
fr-sb-358,3
fr-sb-359 (2),3
fr-sb-359 (3),3
fr-sb-359,3
fr-sb-36,3
fr-sb-360 (2),3
fr-sb-360 (3),3
fr-sb-360,3
fr-sb-361 (2),3
fr-sb-361,3
fr-sb-362 (2),3
fr-sb-362,3
fr-sb-363 (2),3
fr-sb-363,3
fr-sb-364 (2),3
fr-sb-364,3
fr-sb-365 (2),3
fr-sb-365,3
fr-sb-366 (2),3
fr-sb-366,3
fr-sb-367,3
fr-sb-368,3
fr-sb-37,3
fr-sb-378,3
fr-sb-379,3
fr-sb-38,3
fr-sb-380,3
fr-sb-381,3
fr-sb-382,3
fr-sb-383,3
fr-sb-384,3
fr-sb-385,3
fr-sb-386,3
fr-sb-387,3
fr-sb-388,3
fr-sb-389,3
fr-sb-39,3
fr-sb-390,3
fr-sb-391,3
fr-sb-392,3
fr-sb-397,3
fr-sb-398,3
fr-sb-399,3
fr-sb-4,3
fr-sb-40,3
fr-sb-400,3
fr-sb-401,3
fr-sb-402,3
fr-sb-403,3
fr-sb-404,3
fr-sb-405,3
fr-sb-406,3
fr-sb-407,3
fr-sb-408,3
fr-sb-409,3
fr-sb-41,3
fr-sb-410,3
fr-sb-411,3
fr-sb-412,3
fr-sb-413,3
fr-sb-414,3
fr-sb-415,3
fr-sb-416,3
fr-sb-417,3
fr-sb-418,3
fr-sb-419,3
fr-sb-42,3
fr-sb-420,3
fr-sb-421,3
fr-sb-422,3
fr-sb-423,3
fr-sb-424,3
fr-sb-425,3
fr-sb-426,3
fr-sb-427,3
fr-sb-428,3
fr-sb-429,3
fr-sb-43,3
fr-sb-430,3
fr-sb-431,3
fr-sb-432,3
fr-sb-433,3
fr-sb-434,3
fr-sb-435,3
fr-sb-436,3
fr-sb-437,3
fr-sb-438,3
fr-sb-439,3
fr-sb-44,3
fr-sb-440,3
fr-sb-441,3
fr-sb-442,3
fr-sb-443,3
fr-sb-444,3
fr-sb-445,3
fr-sb-45,3
fr-sb-454,3
fr-sb-455,3
fr-sb-456,3
fr-sb-457,3
fr-sb-458,3
fr-sb-459,3
fr-sb-46,3
fr-sb-460,3
fr-sb-461,3
fr-sb-462,3
fr-sb-463,3
fr-sb-464,3
fr-sb-465,3
fr-sb-466,3
fr-sb-467,3
fr-sb-468,3
fr-sb-469,3
fr-sb-470,3
fr-sb-471,3
fr-sb-472,3
fr-sb-473,3
fr-sb-474,3
fr-sb-475,3
fr-sb-476,3
fr-sb-477,3
fr-sb-478,3
fr-sb-479,3
fr-sb-480,3
fr-sb-481,3
fr-sb-482,3
fr-sb-483,3
fr-sb-484,3
fr-sb-485,3
fr-sb-486,3
fr-sb-487,3
fr-sb-488,3
fr-sb-489,3
fr-sb-490,3
fr-sb-491,3
fr-sb-492,3
fr-sb-493,3
fr-sb-494,3
fr-sb-495,3
fr-sb-496,3
fr-sb-497,3
fr-sb-498,3
fr-sb-499,3
fr-sb-5 (2),3
fr-sb-5,3
fr-sb-500,3
fr-sb-501,3
fr-sb-502,3
fr-sb-503,3
fr-sb-504,3
fr-sb-505,3
fr-sb-506,3
fr-sb-507,3
fr-sb-509,3
fr-sb-510,3
fr-sb-511,3
fr-sb-512,3
fr-sb-513,3
fr-sb-514,3
fr-sb-515,3
fr-sb-516,3
fr-sb-517,3
fr-sb-518,3
fr-sb-523,3
fr-sb-524,3
fr-sb-525,3
fr-sb-526,3
fr-sb-527,3
fr-sb-528,3
fr-sb-529,3
fr-sb-530,3
fr-sb-531,3
fr-sb-532,3
fr-sb-556,3
fr-sb-557,3
fr-sb-558,3
fr-sb-559,3
fr-sb-560,3
fr-sb-561,3
fr-sb-562,3
fr-sb-563,3
fr-sb-564,3
fr-sb-565,3
fr-sb-570,3
fr-sb-571,3
fr-sb-572,3
fr-sb-573,3
fr-sb-574,3
fr-sb-575,3
fr-sb-576,3
fr-sb-577,3
fr-sb-578,3
fr-sb-579,3
fr-sb-580,3
fr-sb-581,3
fr-sb-582,3
fr-sb-583,3
fr-sb-584,3
fr-sb-585,3
fr-sb-586,3
fr-sb-587,3
fr-sb-590,3
fr-sb-591,3
fr-sb-592,3
fr-sb-593,3
fr-sb-594,3
fr-sb-595,3
fr-sb-596,3
fr-sb-597,3
fr-sb-598,3
fr-sb-599,3
fr-sb-6 (2),3
fr-sb-6,3
fr-sb-60,3
fr-sb-602,3
fr-sb-603,3
fr-sb-604,3
fr-sb-605,3
fr-sb-606,3
fr-sb-607,3
fr-sb-608,3
fr-sb-609,3
fr-sb-61,3
fr-sb-610,3
fr-sb-611,3
fr-sb-612,3
fr-sb-613,3
fr-sb-614,3
fr-sb-615,3
fr-sb-616,3
fr-sb-617,3
fr-sb-62,3
fr-sb-63,3
fr-sb-64,3
fr-sb-65,3
fr-sb-652,3
fr-sb-653,3
fr-sb-654,3
fr-sb-655,3
fr-sb-656,3
fr-sb-657,3
fr-sb-658,3
fr-sb-659,3
fr-sb-66,3
fr-sb-660,3
fr-sb-661,3
fr-sb-662,3
fr-sb-663,3
fr-sb-664,3
fr-sb-665,3
fr-sb-666,3
fr-sb-667,3
fr-sb-668,3
fr-sb-669,3
fr-sb-67,3
fr-sb-68,3
fr-sb-687,3
fr-sb-688,3
fr-sb-689,3
fr-sb-69,3
fr-sb-690,3
fr-sb-691,3
fr-sb-692,3
fr-sb-693,3
fr-sb-694,3
fr-sb-695,3
fr-sb-696,3
fr-sb-697,3
fr-sb-698,3
fr-sb-699,3
fr-sb-7 (2),3
fr-sb-7,3
fr-sb-70,3
fr-sb-700,3
fr-sb-701,3
fr-sb-704,3
fr-sb-705,3
fr-sb-706,3
fr-sb-707,3
fr-sb-708,3
fr-sb-709,3
fr-sb-71,3
fr-sb-710,3
fr-sb-711,3
fr-sb-712,3
fr-sb-713,3
fr-sb-714,3
fr-sb-715,3
fr-sb-716,3
fr-sb-717,3
fr-sb-718,3
fr-sb-719,3
fr-sb-72,3
fr-sb-720,3
fr-sb-721,3
fr-sb-722,3
fr-sb-723,3
fr-sb-724 (2),3
fr-sb-724,3
fr-sb-725 (2),3
fr-sb-725,3
fr-sb-726 (2),3
fr-sb-726,3
fr-sb-727 (2),3
fr-sb-727,3
fr-sb-728 (2),3
fr-sb-728,3
fr-sb-729 (2),3
fr-sb-729,3
fr-sb-73,3
fr-sb-730 (2),3
fr-sb-730,3
fr-sb-731 (2),3
fr-sb-731,3
fr-sb-732 (2),3
fr-sb-732,3
fr-sb-733 (2),3
fr-sb-733,3
fr-sb-739,3
fr-sb-74,3
fr-sb-740,3
fr-sb-741,3
fr-sb-742,3
fr-sb-743,3
fr-sb-744,3
fr-sb-745,3
fr-sb-746,3
fr-sb-747,3
fr-sb-748,3
fr-sb-75,3
fr-sb-758,3
fr-sb-759,3
fr-sb-76,3
fr-sb-760,3
fr-sb-761,3
fr-sb-762,3
fr-sb-763,3
fr-sb-764,3
fr-sb-765,3
fr-sb-766,3
fr-sb-767,3
fr-sb-77,3
fr-sb-772,3
fr-sb-773,3
fr-sb-774,3
fr-sb-775,3
fr-sb-776,3
fr-sb-777,3
fr-sb-778,3
fr-sb-779,3
fr-sb-78,3
fr-sb-780 (2),3
fr-sb-780,3
fr-sb-781 (2),3
fr-sb-781,3
fr-sb-782,3
fr-sb-783,3
fr-sb-784,3
fr-sb-785,3
fr-sb-786,3
fr-sb-787,3
fr-sb-788,3
fr-sb-789,3
fr-sb-79,3
fr-sb-8 (2),3
fr-sb-8,3
fr-sb-80,3
fr-sb-81,3
fr-sb-813,3
fr-sb-814,3
fr-sb-815,3
fr-sb-816,3
fr-sb-817,3
fr-sb-818,3
fr-sb-819,3
fr-sb-82,3
fr-sb-820,3
fr-sb-821,3
fr-sb-822,3
fr-sb-823,3
fr-sb-824,3
fr-sb-825,3
fr-sb-826,3
fr-sb-827,3
fr-sb-828,3
fr-sb-829,3
fr-sb-83,3
fr-sb-830,3
fr-sb-831,3
fr-sb-832,3
fr-sb-833,3
fr-sb-834,3
fr-sb-835,3
fr-sb-836,3
fr-sb-837,3
fr-sb-838,3
fr-sb-839,3
fr-sb-84,3
fr-sb-840,3
fr-sb-841,3
fr-sb-842,3
fr-sb-843,3
fr-sb-844,3
fr-sb-845,3
fr-sb-846,3
fr-sb-847,3
fr-sb-848,3
fr-sb-849,3
fr-sb-85,3
fr-sb-850,3
fr-sb-86,3
fr-sb-864,3
fr-sb-865,3
fr-sb-87,3
fr-sb-9 (2),3
fr-sb-9,3
fr001,3
fr0011,3
fr0012,3
fr00121,3
fr001213,3
fr001214,3
fr001215,3
fr001216,3
fr001217,3
fr001218,3
fr0013,3
fr002,3
fr0021,3
fr0022,3
fr0023,3
fr0024,3
fr0025,3
fr0026,3
fr0027,3
fr0028,3
fr0029,3
fr003,3
fr0030,3
fr0031,3
fr0032,3
fr0033,3
fr0034,3
fr0035,3
fr0036,3
fr0037,3
fr0038,3
fr0039,3
fr004,3
fr0040,3
fr0041,3
fr0042,3
fr0043,3
fr0044,3
fr0045,3
fr0046,3
fr0047,3
fr0048,3
fr0049,3
fr005,3
fr0050,3
fr0051,3
fr0052,3
fr0053,3
fr0054,3
fr0055,3
fr0056,3
fr0057,3
fr0058,3
fr0059,3
fr006,3
fr0060,3
fr0061,3
fr0062,3
fr0063,3
fr0064,3
fr0065,3
fr0066,3
fr0067,3
fr0068,3
fr0069,3
fr007,3
fr0070,3
fr0071,3
fr0072,3
fr0073,3
fr0074,3
fr0075,3
fr0076,3
fr0077,3
fr0078,3
fr0079,3
fr008,3
fr0080,3
fr0081,3
fr0082,3
fr0083,3
fr0084,3
fr0085,3
fr0086,3
fr0087,3
fr0088,3
fr0089,3
fr009,3
fr0090,3
fr0091,3
fr0092,3
fr0093,3
fr0094,3
fr0095,3
fr0096,3
fr0097,3
fr0098,3
fr0099,3
fr01,3
fr010,3
fr0100,3
fr0101,3
fr0102,3
fr0103,3
fr0104,3
fr0105,3
fr0106,3
fr0107,3
fr0108,3
fr0109,3
fr0110,3
fr0111,3
fr0112,3
fr0113,3
fr0114,3
fr0115,3
fr0116,3
fr0117,3
fr0118,3
fr0119,3
fr0120,3
fr0121,3
fr0122,3
fr0123,3
fr0124,3
fr0125,3
fr0126,3
fr0127,3
fr0128,3
fr0129,3
fr013 4,3
fr0130,3
fr0131,3
fr0132,3
fr0133,3
fr0134,3
fr0135,3
fr0136,3
fr0137,3
fr0138,3
fr0139,3
fr0140,3
fr0141,3
fr0142,3
fr0143,3
fr0144,3
fr0145,3
fr0146,3
fr0147,3
fr0148,3
fr0149,3
fr015,3
fr0151,3
fr0152,3
fr0153,3
fr0154,3
fr0155,3
fr0156,3
fr0161,3
fr0162,3
fr0163,3
fr0164,3
fr0165,3
fr0166,3
fr0167,3
fr0168,3
fr0169,3
fr0170,3
fr0191,3
fr0192,3
fr0193,3
fr0194,3
fr0195,3
fr0196,3
fr0197,3
fr0198,3
fr0199,3
fr02,3
fr0200,3
fr0201,3
fr0202,3
fr0203,3
fr0204,3
fr0205,3
fr0206,3
fr0207,3
fr0208,3
fr0209,3
fr0210,3
fr0211,3
fr0212,3
fr0213,3
fr0214,3
fr0215,3
fr0216,3
fr0217,3
fr0218,3
fr0219,3
fr0220,3
fr0221,3
fr0222,3
fr0223,3
fr0224,3
fr0225,3
fr0226,3
fr0227,3
fr0228,3
fr0229,3
fr0230,3
fr0231,3
fr0232,3
fr0233,3
fr0234,3
fr0235,3
fr0236,3
fr0237,3
fr0238,3
fr0239,3
fr0240,3
fr0241,3
fr0242,3
fr0243,3
fr0244,3
fr0245,3
fr0246,3
fr0247,3
fr0248,3
fr0249,3
fr0250,3
fr0251,3
fr0252,3
fr0253,3
fr0254,3
fr0255,3
fr0256,3
fr0257,3
fr0258,3
fr0259,3
fr0260,3
fr0261,3
fr0262,3
fr0263,3
fr0264,3
fr0265,3
fr0266,3
fr0267,3
fr0268,3
fr0269,3
fr0270,3
fr0271,3
fr0272,3
fr0273,3
fr0274,3
fr0275,3
fr0276,3
fr0277,3
fr0278,3
fr0279,3
fr0280,3
FR03,3
FR04,3
FR05,3
fr06,3
fr07,3
fr08,3
fr081,3
fr09,3
fr10,3
FR101,3
FR102,3
fr11,3
fr111,3
fr112,3
fr113,3
fr114,3
fr115,3
fr116,3
fr117,3
fr118,3
fr119,3
fr12,3
fr120,3
fr121,3
fr122,3
fr123,3
fr124,3
fr125,3
fr126,3
fr127,3
fr128,3
fr129,3
fr13,3
fr130,3
fr131,3
fr16,3
fr17,3
fr19,3
fr20,3
fr21,3
fr22,3
fr23,3
fr24,3
fr25,3
fr26,3
fr27,3
fr28,3
fr29,3
fr30,3
fr31,3
fr32,3
fr33,3
fr34,3
fr35,3
fr36,3
fr37,3
fr38,3
fr39,3
fr40,3
fr41,3
fr42,3
fr43,3
fr44,3
fr45,3
fr46,3
fr47,3
fr48,3
fr49,3
fr50,3
fr51,3
fr52,3
fr53,3
fr54,3
fr55,3
fr559,3
fr56,3
fr57,3
fr58,3
fr60,3
fr61,3
fr62,3
fr63,3
fr64,3
fr65,3
fr72,3
fr73,3
fr74,3
fr75,3
fr76,3
fr77,3
fr78,3
fr82,3
fr83,3
fr84,3
fr85,3
fr86,3
FR91,3
FR92,3
FR93,3
FR94,3
FR95,3
FR96,3
FR97,3
FR98,3
FR99,3
r18,3
001,4
005,4
006,4
007,4
008,4
009,4
010,4
011,4
012,4
013,4
014,4
015,4
016,4
017,4
018,4
020,4
021,4
022,4
023,4
024,4
025,4
026,4
027,4
028,4
029,4
033,4
034,4
035,4
036,4
037,4
038,4
039,4
040,4
041,4
042,4
043,4
044,4
045,4
046,4
047,4
048,4
049,4
050,4
051,4
052,4
053,4
054,4
055,4
056,4
057,4
058,4
059,4
060,4
063,4
064,4
065,4
066,4
068,4
069,4
070,4
071,4
072,4
073,4
074,4
075,4
076,4
077,4
078,4
079,4
080,4
081,4
082,4
083,4
084,4
085,4
086,4
087,4
088,4
089,4
090,4
091,4
092,4
093,4
094,4
095,4
096,4
097,4
098,4
099,4
100,4
101,4
102,4
103,4
104,4
105,4
106,4
107,4
108,4
109,4
110,4
111,4
112,4
113,4
114,4
115,4
116,4
117,4
118,4
119,4
120,4
121,4
122,4
123,4
124,4
125,4
126,4
127,4
128,4
129,4
130,4
131,4
132,4
133,4
134,4
135,4
136,4
137,4
138,4
139,4
140,4
141,4
142,4
143,4
144,4
145,4
146,4
155,4
156,4
157,4
158,4
159,4
160,4
161,4
162,4
163,4
164,4
180,4
181,4
182,4
183,4
184,4
185,4
186,4
187,4
188,4
189,4
190,4
191,4
192,4
196,4
197,4
198,4
199,4
200,4
201,4
202,4
203,4
204,4
205,4
206,4
207,4
208,4
209,4
210,4
211,4
212,4
213,4
214,4
215,4
216,4
217,4
218,4
por00001,4
por00002,4
por00003,4
por00004,4
por00005,4
por00006,4
por00007,4
por00008,4
por00009,4
por0010,4
por0011,4
por0012,4
por0013,4
por0014,4
por0015,4
por0016,4
por0017,4
por0018,4
por0019,4
por0021,4
por0022,4
por0023,4
por0024,4
por0025,4
por0026,4
por0027,4
por0028,4
por0029,4
por0030,4
por0031,4
por0032,4
por0033,4
por0034,4
por0035,4
por0036,4
por0037,4
por0038,4
por0039,4
por0040,4
por0041,4
por0042,4
por0043,4
por0044,4
por0045,4
por0046,4
por0047,4
por0048,4
por0049,4
por0050,4
por0051,4
por0052,4
por0053,4
por0054,4
por0055,4
por0056,4
por0057,4
por0058,4
por0059,4
por0060,4
por0061,4
por0062,4
por0063,4
por0064,4
por0065,4
por0066,4
por0067,4
por0068,4
por0069,4
por0070,4
por0071,4
por0072,4
por0073,4
por0074,4
por0075,4
por0076,4
por0077,4
por0078,4
por0079,4
por0080,4
por0081,4
por0082,4
por0083,4
por0084,4
por0085,4
por0086,4
por0087,4
por0088,4
por0089,4
por0090,4
por0091,4
por0092,4
por0093,4
por0094,4
por0095,4
por0096,4
por0097,4
por0098,4
por0099,4
por0100,4
por0101,4
por0102,4
por0103,4
por0104,4
por0105,4
por0106,4
por0107,4
por0108,4
por0109,4
por0110,4
por0111,4
por0112,4
por0113,4
por0114,4
por0115,4
por0116,4
por0117,4
por0118,4
por0119,4
por0120,4
por0121,4
por0122,4
por0123,4
por0124,4
por0125,4
por0126,4
por0127,4
por0128,4
por0129,4
por0130,4
por0131,4
por0132`,4
por0133,4
por0134,4
por0135,4
por0136,4
por0137,4
por0138,4
por0139,4
por0140,4
por0141,4
por0142,4
por0143,4
por0144,4
por0145,4
por0146,4
por0147,4
por0148,4
por0149,4
por0150,4
por0151,4
por0152,4
por0153,4
por0154,4
por0155,4
por0156,4
por0157,4
por0158,4
por0159,4
por0160,4
por0161,4
por0162,4
por0163,4
por0164,4
por0165,4
por0166,4
por0167,4
por0168,4
por0169,4
por0170,4
por0171,4
por0172,4
por0173,4
por0174,4
por0175,4
por0176,4
por0177,4
por0178,4
por0179,4
por0180,4
por0181,4
por0182,4
por0183,4
por0184,4
por0185,4
por0186,4
por0187,4
por0188,4
por0189,4
por0190,4
por0191,4
por0192,4
por0193,4
por0194,4
por0195,4
por0196,4
por0200,4
por0201,4
por0202,4
por0203,4
por0204,4
por0205,4
por0206,4
por0207,4
por0208,4
por0209,4
por0230,4
por0231,4
por0232,4
por0233,4
por0234,4
por0235,4
por0236,4
por0237,4
por0238,4
por0239,4
por0240,4
por0241,4
por0242,4
por0243,4
por0244,4
por0245,4
por0246,4
por0247,4
por0248,4
por0249,4
por0250,4
por0251,4
por0252,4
por0253,4
por0254,4
por0255,4
por0256,4
por0257,4
por0258,4
por0259,4
por0260,4
por0261,4
por0262,4
por0263,4
por0264,4
por0265,4
por0266,4
por0267,4
por0268,4
por0269,4
por0270,4
por0271,4
por0272,4
por0273,4
por0274,4
por0275,4
por0276,4
por0277,4
por0278,4
por0279,4
por0280,4
por0281,4
por0282,4
por0283,4
por0284,4
por0285,4
por0286,4
por0287,4
por0288,4
por0289,4
por0290,4
por0291,4
por0292,4
por0293,4
por0294,4
por0295,4
por0296,4
por0297,4
por0298,4
por0299,4
por0300,4
por0301,4
por0302,4
por0303,4
por0304,4
por0305,4
por0306,4
por0307,4
por0308,4
por0309,4
por0310,4
por0311,4
por0312,4
por0313,4
por0314,4
por0315,4
por0316,4
por0317,4
por0318,4
por0319,4
por0320,4
por0321,4
por0322,4
por0323,4
por0324,4
por0325,4
por0326,4
por0327,4
por0328,4
por0329,4
por0330,4
por0331,4
por0332,4
por0333,4
por0334,4
por0335,4
por0336,4
por0337,4
por0338,4
por0339,4
por0340,4
por0341,4
por0342,4
por0343,4
por0344,4
por0345,4
por0346,4
por0347,4
por0348,4
por0349,4
por0350,4
por0351,4
por0352,4
por0353,4
por0354,4
por0355,4
por0356,4
por0357,4
por0358,4
por0359,4
por0360,4
por0361,4
por0362,4
por0363,4
por0364,4
por0365,4
por0366,4
por0367,4
por0368,4
por0369,4
por0370,4
por0371,4
por0372,4
por0373,4
por0374,4
por0375,4
por0376,4
por0377,4
por0378,4
por0379,4
por0380,4
por0381,4
por0382,4
por0383,4
por0384,4
por0385,4
por0386,4
por0387,4
por0388,4
por0389,4
por0390,4
por0391,4
por0392,4
por0393,4
por0394,4
por0395,4
por0396,4
por0397,4
por0398,4
por0399,4
por0400,4
por0401,4
por0402,4
por0403,4
por0404,4
por0405,4
por0406,4
por0407,4
por0408,4
por0409,4
por0410,4
por0411,4
por0412,4
por0413,4
por0414,4
por0415,4
por0416,4
por0417,4
por0418,4
por0419,4
por0420,4
por0421,4
por0422,4
por0423,4
por0424,4
por0425,4
por0426,4
por0427,4
por0428,4
por0429,4
por0430,4
por0431,4
por0432,4
por0433,4
por0434,4
por0435,4
por0436,4
por0437,4
por0438,4
por0439,4
por0440,4
por0441,4
por0442,4
por0443,4
por0444,4
por0445,4
por0446,4
por0447,4
por0448,4
por0449,4
por0450,4
por0451,4
por0452,4
por0453,4
por0454,4
por0455,4
por0456,4
por0457,4
por0458,4
por0459,4
por0460,4
por0461,4
por0462,4
por0463,4
por0464,4
por0465,4
por0466,4
por0467,4
por0468,4
por0469,4
por0470,4
por0471,4
por0472,4
por0473,4
por0474,4
por0475,4
por0476,4
por0477,4
por0478,4
por0479,4
por0480,4
por0481,4
por0482,4
por0483,4
por0484,4
por0485,4
por0486,4
por0487,4
por0488,4
por0489,4
por0490,4
por0491,4
por0492,4
por0493,4
por0494,4
por0495,4
por0496,4
por0497,4
por0498,4
por0499,4
por0500,4
por0501,4
por0502,4
por0503,4
por0504,4
por0505,4
por0506,4
por0507,4
por0508,4
por0509,4
por0510,4
por0511,4
por0512,4
por0513,4
por0514,4
por0515,4
por0516,4
por0517,4
por0518,4
por0519,4
por0520,4
por0521,4
por0522,4
por0523,4
por0524,4
por0525,4
por0526,4
por0527,4
por0528,4
por0529,4
por0530,4
por0531,4
por0532,4
por0533,4
por0534,4
por0535,4
por0536,4
por0537,4
por0538,4
por0539,4
por0540,4
por0541,4
por0542,4
por0543,4
por0544,4
por0545,4
por0546,4
por0547,4
por0548,4
por0549,4
por0550,4
por0551,4
por0552,4
por0553,4
por0554,4
por0555,4
por0556,4
por0557,4
por0558,4
por0559,4
por0560,4
por0561,4
por0562,4
por0563,4
por0564,4
por0565,4
por0566,4
por0567,4
por0568,4
por0569,4
por0570,4
por0571,4
por0572,4
por0573,4
por0574,4
por0575,4
por0576,4
por0577,4
por0578,4
por0579,4
por0580,4
por0581,4
por0582,4
por0583,4
por0584,4
por0585,4
por0586,4
por0587,4
por0588,4
por0589,4
por0590,4
por0591,4
por0592,4
por0593,4
por0594,4
por0595,4
por0596,4
por0597,4
por0598,4
por0599,4
por0600,4
por0601,4
por0602,4
por0603,4
por0604,4
por0605,4
por0606,4
por0607,4
por0608,4
por0609,4
por0610,4
por0611,4
por0612,4
por0613,4
por0614,4
por0615,4
por0616,4
por0617,4
por0618,4
por0619,4
por0620,4
por0621,4
por0622,4
por0623,4
por0624,4
por0625,4
por0626,4
por0627,4
por0628,4
por0629,4
por0630,4
por0631,4
por0632,4
por0633,4
por0634,4
por0635,4
por0636,4
por0637,4
por0638,4
por0639,4
por0640,4
por0641,4
por0642,4
por0643,4
por0644,4
por0645,4
por0646,4
por0647,4
por0648,4
por0649,4
por0650,4
por0651,4
por0652,4
por0653,4
por0654,4
por0655,4
por0656,4
por0657,4
por0658,4
por0659,4
por0660,4
por0661,4
por0662,4
por0663,4
por0664,4
por0665,4
por0666,4
por0667,4
por0668,4
por0669,4
por0670,4
por0671,4
por0672,4
por0673,4
por0674,4
por0675,4
por0676,4
por0677,4
por0678,4
por0679,4
por0680,4
por0681,4
por0682,4
por0683,4
por0684,4
por0685,4
por0686,4
por0687,4
por0688,4
por0689,4
por0690,4
por0691,4
por0692,4
por0693,4
por0694,4
por0695,4
por0696,4
por0697,4
por0698,4
por0699,4
por0700,4
por0701,4
por0702,4
por0703,4
por0704,4
por0705,4
por0706,4
por0707,4
por0708,4
por0709,4
por0710,4
por0711,4
por0712,4
por0713,4
por0714,4
por0715,4
por0716,4
por0717,4
por0718,4
por0719,4
por0720,4
por0721,4
por0722,4
por0723,4
por0724,4
por0725,4
por0726,4
por0727,4
por0728,4
por0729,4
por0730,4
por0731,4
por0841,4
por0842,4
por0843,4
por0844,4
por0845,4
por0846,4
por0847,4
por0848,4
por0849,4
por0850,4
por0851,4
por0852,4
por0853,4
por0854,4
por0855,4
por0856,4
por0857,4
por0858,4
por0859,4
por0860,4
por0861,4
por0862,4
por0863,4
por0864,4
por0865,4
por0866,4
por0867,4
por0868,4
por0869,4
por0870,4
por0871,4
por0872,4
por0873,4
por0874,4
por0875,4
por0876,4
por0877,4
por0878,4
por0879,4
por0880,4
por0881,4
por0882,4
por0883,4
por0884,4
por0885,4
por0886,4
por0887,4
por0888,4
por0889,4
por0890,4
por0891,4
por0892,4
por0893,4
por0894,4
por0895,4
por0896,4
por0897,4
por0898,4
por0899,4
por0900,4
por0901,4
por0902,4
por0903,4
por0904,4
por0905,4
por0906,4
por0907,4
por0908,4
por0909,4
por0910,4
por0911,4
por0912,4
por0913,4
por0914,4
por0915,4
por0916,4
por0917,4
por0918,4
por0919,4
por0920,4
por0921,4
por0922,4
por0923,4
por0924,4
por0925,4
por0926,4
por0927,4
por0928,4
por0929,4
por0930,4
por0941,4
por0942,4
por0943,4
por0944,4
por0945,4
por0946,4
por0947,4
por0948,4
por0949,4
por0950,4
por0961,4
por0962,4
por0964,4
por0965,4
por0966,4
por0967,4
por0968,4
por0969,4
